{
    "billing_address_1": "",
    "billing_address_2": "",
    "billing_apt_suite": "",
    "billing_city": "",
    "billing_country": "",
    "billing_country_abbrv": "",
    "billing_state": "",
    "billing_state_abbrv": "",
    "billing_zip": "",
    "card_cvv": "",
    "card_exp_month": "",
    "card_exp_year": "",
    "card_number": "",
    "card_type": "",
    "email": "",
    "first_name": "",
    "last_name": "",
    "name_on_card": "",
    "phone_number": "",
    "shipping_address_1": "",
    "shipping_address_2": "",
    "shipping_apt_suite": "",
    "shipping_city": "",
    "shipping_country": "",
    "shipping_country_abbrv": "",
    "shipping_state": "",
    "shipping_state_abbrv": "",
    "shipping_zip": ""
}